Location,Country,Latitude,Longitude,Area,2017,2018,2019,2020,2021,2022,Total
Merja Zerga,Morroco,34.8,-6.273,11,8,16,13,20,20,14,91
Tagus Estuary,Portugal,38.7,-9.025,51,7,7,9,8,9,11,51
Ria de Aveiro Lagoon,Portugal,40.7,-8.746,14,10,20,20,14,18,24,106
Santander Bay,Spain,43.4,-3.795,7,1,6,7,7,4,4,29
Marennes-Oléron Bay,France,46,-1.154,80,3,11,10,5,11,4,44
Bourgneuf Bay,France,47,-2.098,46,3,15,11,14,17,16,76
Tamar Estuary,England,50,-4.191,3,0,3,2,4,9,5,23
Milford Haven,Wales,52,-5.05,5,4,9,3,14,6,8,44
Beltringharder Koog,Germany,54.6,8.608,352,2,15,8,7,8,12,52
Strangford Lough,Northern Ireland,55,-5.587,23,5,9,5,5,11,10,45
Cromarty Firth,Scotland,57.6,-4.069,8,1,10,7,3,1,5,27
Cádiz Bay,Spain,NA,-6.226,6,3,15,14,12,15,11,70
